{
  "JavaScript": {
    "min": 1,
    "q1": 1,
    "median": 1,
    "q3": 2,
    "max": 5,
    "iqr": 1,
    "stdDev": 0.9684873719342647,
    "mean": 1.5673124689518132,
    "marginOfError": 0.04230855047005935,
    "confidenceInterval": [
      1.5250039184817539,
      1.6096210194218725
    ]
  },
  "Java": {
    "min": 1,
    "q1": 1,
    "median": 1,
    "q3": 2,
    "max": 5,
    "iqr": 1,
    "stdDev": 1.1532735958646565,
    "mean": 1.7300551931761163,
    "marginOfError": 0.05063312952199782,
    "confidenceInterval": [
      1.6794220636541186,
      1.780688322698114
    ]
  },
  "Python": {
    "min": 1,
    "q1": 1,
    "median": 1,
    "q3": 2,
    "max": 5,
    "iqr": 1,
    "stdDev": 1.0682603287896208,
    "mean": 1.7709807886754296,
    "marginOfError": 0.047078219379771385,
    "confidenceInterval": [
      1.7239025692956582,
      1.818059008055201
    ]
  },
  "Ruby": {
    "min": 1,
    "q1": 1,
    "median": 1,
    "q3": 2,
    "max": 5,
    "iqr": 1,
    "stdDev": 1.1668050320636782,
    "mean": 1.8349609375,
    "marginOfError": 0.05053466471780735,
    "confidenceInterval": [
      1.7844262727821927,
      1.8854956022178073
    ]
  },
  "PHP": {
    "min": 1,
    "q1": 1,
    "median": 1,
    "q3": 2,
    "max": 5,
    "iqr": 1,
    "stdDev": 1.1580778267233576,
    "mean": 1.8061465721040189,
    "marginOfError": 0.04935584957395458,
    "confidenceInterval": [
      1.7567907225300643,
      1.8555024216779734
    ]
  },
  "C++": {
    "min": 1,
    "q1": 1,
    "median": 1,
    "q3": 2,
    "max": 5,
    "iqr": 1,
    "stdDev": 1.044299647912966,
    "mean": 1.6720124159337817,
    "marginOfError": 0.04655488690090917,
    "confidenceInterval": [
      1.6254575290328726,
      1.7185673028346908
    ]
  },
  "CSS": {
    "min": 1,
    "q1": 1,
    "median": 2,
    "q3": 3,
    "max": 5,
    "iqr": 2,
    "stdDev": 1.4488787468766975,
    "mean": 2.2884448305821024,
    "marginOfError": 0.05918824375006888,
    "confidenceInterval": [
      2.2292565868320335,
      2.347633074332171
    ]
  },
  "C#": {
    "min": 1,
    "q1": 1,
    "median": 1,
    "q3": 2,
    "max": 5,
    "iqr": 1,
    "stdDev": 1.1345634838926577,
    "mean": 1.7632527020072053,
    "marginOfError": 0.050448524964686256,
    "confidenceInterval": [
      1.712804177042519,
      1.8137012269718915
    ]
  },
  "C": {
    "min": 1,
    "q1": 1,
    "median": 1,
    "q3": 2,
    "max": 5,
    "iqr": 1,
    "stdDev": 0.7073591232758639,
    "mean": 1.3716329966329965,
    "marginOfError": 0.028442830453007505,
    "confidenceInterval": [
      1.343190166179989,
      1.400075827086004
    ]
  },
  "Go": {
    "min": 1,
    "q1": 1,
    "median": 1,
    "q3": 2,
    "max": 5,
    "iqr": 1,
    "stdDev": 0.9281831350661132,
    "mean": 1.6285046728971964,
    "marginOfError": 0.039326279161903954,
    "confidenceInterval": [
      1.5891783937352923,
      1.6678309520591004
    ]
  },
  "Shell": {
    "min": 1,
    "q1": 1,
    "median": 1,
    "q3": 2,
    "max": 5,
    "iqr": 1,
    "stdDev": 0.85551556349777,
    "mean": 1.6546023235031277,
    "marginOfError": 0.03544491546196411,
    "confidenceInterval": [
      1.6191574080411637,
      1.6900472389650918
    ]
  },
  "Objective-C": {
    "min": 1,
    "q1": 1,
    "median": 1,
    "q3": 1,
    "max": 5,
    "iqr": 0,
    "stdDev": 0.8105547774613288,
    "mean": 1.3375904640272456,
    "marginOfError": 0.03277909303143829,
    "confidenceInterval": [
      1.3048113709958074,
      1.3703695570586838
    ]
  },
  "Scala": {
    "min": 1,
    "q1": 1,
    "median": 2,
    "q3": 3,
    "max": 5,
    "iqr": 2,
    "stdDev": 1.0111620308290672,
    "mean": 2.0325497287522603,
    "marginOfError": 0.042139003721318444,
    "confidenceInterval": [
      1.9904107250309417,
      2.0746887324735788
    ]
  },
  "Swift": {
    "min": 1,
    "q1": 1,
    "median": 1,
    "q3": 2,
    "max": 5,
    "iqr": 1,
    "stdDev": 1.0423136856968238,
    "mean": 1.6057030481809242,
    "marginOfError": 0.045298001018254534,
    "confidenceInterval": [
      1.5604050471626698,
      1.6510010491991787
    ]
  },
  "TypeScript": {
    "min": 1,
    "q1": 1,
    "median": 2,
    "q3": 2,
    "max": 5,
    "iqr": 1,
    "stdDev": 0.9258083311327816,
    "mean": 1.7765957446808511,
    "marginOfError": 0.03902557504328127,
    "confidenceInterval": [
      1.7375701696375698,
      1.8156213197241324
    ]
  }
}